storm_id,name,iso_time,lat,lon,wind_mph,wind_kt,pressure_mb,status,category
AL122005,Katrina,2005-08-23T18:00:00Z,23.1,-75.1,35,30,1008,TD,0
AL122005,Katrina,2005-08-24T00:00:00Z,23.4,-75.7,35,30,1007,TD,0
AL122005,Katrina,2005-08-24T06:00:00Z,23.8,-76.2,35,30,1007,TD,0
AL122005,Katrina,2005-08-24T12:00:00Z,24.5,-76.5,40,35,1006,TS,0
AL122005,Katrina,2005-08-24T18:00:00Z,25.4,-76.9,46,40,1003,TS,0
AL122005,Katrina,2005-08-25T00:00:00Z,26.0,-77.7,52,45,1000,TS,0
AL122005,Katrina,2005-08-25T06:00:00Z,26.1,-78.4,58,50,997,TS,0
AL122005,Katrina,2005-08-25T12:00:00Z,26.2,-79.0,63,55,994,TS,0
AL122005,Katrina,2005-08-25T18:00:00Z,26.2,-79.6,69,60,988,TS,0
AL122005,Katrina,2005-08-25T22:30:00Z,26.0,-80.1,81,70,984,HU,1
AL122005,Katrina,2005-08-26T00:00:00Z,25.9,-80.3,81,70,983,HU,1
AL122005,Katrina,2005-08-26T06:00:00Z,25.4,-81.3,75,65,987,HU,1
AL122005,Katrina,2005-08-26T12:00:00Z,25.1,-82.0,86,75,979,HU,1
AL122005,Katrina,2005-08-26T18:00:00Z,24.9,-82.6,98,85,968,HU,2
AL122005,Katrina,2005-08-27T00:00:00Z,24.6,-83.3,104,90,959,HU,2
AL122005,Katrina,2005-08-27T06:00:00Z,24.4,-84.0,109,95,950,HU,2
AL122005,Katrina,2005-08-27T12:00:00Z,24.4,-84.7,115,100,942,HU,3
AL122005,Katrina,2005-08-27T18:00:00Z,24.5,-85.3,115,100,948,HU,3
AL122005,Katrina,2005-08-28T00:00:00Z,24.8,-85.9,115,100,941,HU,3
AL122005,Katrina,2005-08-28T06:00:00Z,25.2,-86.7,144,125,930,HU,4
AL122005,Katrina,2005-08-28T12:00:00Z,25.7,-87.7,167,145,909,HU,5
AL122005,Katrina,2005-08-28T18:00:00Z,26.3,-88.6,173,150,902,HU,5
AL122005,Katrina,2005-08-29T00:00:00Z,27.2,-89.2,161,140,905,HU,5
AL122005,Katrina,2005-08-29T06:00:00Z,28.2,-89.6,144,125,913,HU,4
AL122005,Katrina,2005-08-29T11:10:00Z,29.3,-89.6,127,110,920,HU,3
AL122005,Katrina,2005-08-29T12:00:00Z,29.5,-89.6,127,110,923,HU,3
AL122005,Katrina,2005-08-29T14:45:00Z,30.2,-89.6,121,105,928,HU,3
AL122005,Katrina,2005-08-29T18:00:00Z,31.1,-89.6,92,80,948,HU,1
AL122005,Katrina,2005-08-30T00:00:00Z,32.6,-89.1,58,50,961,TS,0
AL122005,Katrina,2005-08-30T06:00:00Z,34.1,-88.6,46,40,978,TS,0
AL122005,Katrina,2005-08-30T12:00:00Z,35.6,-88.0,35,30,985,TD,0
AL122005,Katrina,2005-08-30T18:00:00Z,37.0,-87.0,35,30,990,TD,0
AL122005,Katrina,2005-08-31T00:00:00Z,38.6,-85.3,35,30,994,EX,0
AL122005,Katrina,2005-08-31T06:00:00Z,40.1,-82.9,29,25,996,EX,0
AL182005,Rita,2005-09-18T00:00:00Z,21.3,-69.9,29,25,1009,TD,0
AL182005,Rita,2005-09-18T06:00:00Z,21.6,-70.7,29,25,1009,TD,0
AL182005,Rita,2005-09-18T12:00:00Z,21.9,-71.5,35,30,1007,TD,0
AL182005,Rita,2005-09-18T18:00:00Z,22.2,-72.3,40,35,1005,TS,0
AL182005,Rita,2005-09-19T00:00:00Z,22.4,-73.0,52,45,1002,TS,0
AL182005,Rita,2005-09-19T06:00:00Z,22.6,-73.8,58,50,999,TS,0
AL182005,Rita,2005-09-19T12:00:00Z,22.8,-74.7,63,55,997,TS,0
AL182005,Rita,2005-09-19T18:00:00Z,23.1,-75.9,69,60,994,TS,0
AL182005,Rita,2005-09-20T00:00:00Z,23.3,-77.2,69,60,992,TS,0
AL182005,Rita,2005-09-20T06:00:00Z,23.5,-78.8,69,60,990,TS,0
AL182005,Rita,2005-09-20T12:00:00Z,23.7,-80.3,81,70,985,HU,1
AL182005,Rita,2005-09-20T18:00:00Z,23.9,-81.6,98,85,975,HU,2
AL182005,Rita,2005-09-21T00:00:00Z,24.1,-82.7,109,95,967,HU,2
AL182005,Rita,2005-09-21T06:00:00Z,24.2,-84.0,127,110,955,HU,3
AL182005,Rita,2005-09-21T12:00:00Z,24.2,-85.2,138,120,941,HU,4
AL182005,Rita,2005-09-21T18:00:00Z,24.3,-86.2,167,145,920,HU,5
AL182005,Rita,2005-09-22T00:00:00Z,24.5,-86.9,173,150,897,HU,5
AL182005,Rita,2005-09-22T03:00:00Z,24.7,-87.3,178,155,895,HU,5
AL182005,Rita,2005-09-22T06:00:00Z,24.8,-87.6,178,155,897,HU,5
AL182005,Rita,2005-09-22T12:00:00Z,25.2,-88.3,161,140,908,HU,5
AL182005,Rita,2005-09-22T18:00:00Z,25.6,-89.1,144,125,913,HU,4
AL182005,Rita,2005-09-23T00:00:00Z,26.0,-89.9,138,120,915,HU,4
AL182005,Rita,2005-09-23T06:00:00Z,26.5,-90.7,132,115,924,HU,4
AL182005,Rita,2005-09-23T12:00:00Z,27.1,-91.5,132,115,927,HU,4
AL182005,Rita,2005-09-23T18:00:00Z,27.8,-92.3,127,110,930,HU,3
AL182005,Rita,2005-09-24T00:00:00Z,28.6,-93.0,121,105,931,HU,3
AL182005,Rita,2005-09-24T06:00:00Z,29.4,-93.6,115,100,935,HU,3
AL182005,Rita,2005-09-24T07:40:00Z,29.7,-93.7,115,100,937,HU,3
AL182005,Rita,2005-09-24T12:00:00Z,30.5,-94.1,75,65,949,HU,1
AL182005,Rita,2005-09-24T18:00:00Z,31.6,-94.1,52,45,974,TS,0
AL182005,Rita,2005-09-25T00:00:00Z,32.7,-94.0,40,35,982,TS,0
AL182005,Rita,2005-09-25T06:00:00Z,33.7,-93.6,35,30,989,TD,0
AL182005,Rita,2005-09-25T12:00:00Z,34.7,-92.5,29,25,995,TD,0
AL182005,Rita,2005-09-25T18:00:00Z,35.8,-91.4,29,25,1000,TD,0
AL182005,Rita,2005-09-26T00:00:00Z,37.0,-90.1,23,20,1003,TD,0
AL182005,Rita,2005-09-26T06:00:00Z,39.5,-88.0,23,20,1006,LO,0
AL092008,Ike,2008-09-01T06:00:00Z,17.2,-37.0,35,30,1006,TD,0
AL092008,Ike,2008-09-01T12:00:00Z,17.3,-38.4,40,35,1005,TS,0
AL092008,Ike,2008-09-01T18:00:00Z,17.5,-39.9,52,45,1003,TS,0
AL092008,Ike,2008-09-02T00:00:00Z,17.8,-41.3,52,45,1002,TS,0
AL092008,Ike,2008-09-02T06:00:00Z,18.2,-42.8,52,45,1000,TS,0
AL092008,Ike,2008-09-02T12:00:00Z,18.7,-44.3,58,50,999,TS,0
AL092008,Ike,2008-09-02T18:00:00Z,19.3,-45.8,63,55,996,TS,0
AL092008,Ike,2008-09-03T00:00:00Z,19.8,-47.3,63,55,994,TS,0
AL092008,Ike,2008-09-03T06:00:00Z,20.2,-48.8,63,55,992,TS,0
AL092008,Ike,2008-09-03T12:00:00Z,20.6,-50.3,69,60,989,TS,0
AL092008,Ike,2008-09-03T18:00:00Z,21.1,-51.9,86,75,979,HU,1
AL092008,Ike,2008-09-04T00:00:00Z,21.8,-53.5,121,105,956,HU,3
AL092008,Ike,2008-09-04T06:00:00Z,22.4,-55.0,144,125,935,HU,4
AL092008,Ike,2008-09-04T12:00:00Z,23.0,-56.4,138,120,937,HU,4
AL092008,Ike,2008-09-04T18:00:00Z,23.4,-57.7,132,115,940,HU,4
AL092008,Ike,2008-09-05T00:00:00Z,23.6,-59.0,132,115,944,HU,4
AL092008,Ike,2008-09-05T06:00:00Z,23.6,-60.4,132,115,949,HU,4
AL092008,Ike,2008-09-05T12:00:00Z,23.5,-61.9,121,105,954,HU,3
AL092008,Ike,2008-09-05T18:00:00Z,23.2,-63.4,115,100,959,HU,3
AL092008,Ike,2008-09-06T00:00:00Z,22.8,-64.9,115,100,962,HU,3
AL092008,Ike,2008-09-06T06:00:00Z,22.4,-66.3,115,100,964,HU,3
AL092008,Ike,2008-09-06T12:00:00Z,21.9,-67.7,109,95,965,HU,2
AL092008,Ike,2008-09-06T18:00:00Z,21.5,-69.0,132,115,950,HU,4
AL092008,Ike,2008-09-07T00:00:00Z,21.2,-70.3,132,115,947,HU,4
AL092008,Ike,2008-09-07T06:00:00Z,21.1,-71.6,132,115,947,HU,4
AL092008,Ike,2008-09-07T12:00:00Z,21.0,-72.8,127,110,947,HU,3
AL092008,Ike,2008-09-07T13:00:00Z,21.0,-73.2,127,110,947,HU,3
AL092008,Ike,2008-09-07T18:00:00Z,21.0,-74.0,121,105,946,HU,3
AL092008,Ike,2008-09-08T00:00:00Z,21.1,-75.2,132,115,945,HU,4
AL092008,Ike,2008-09-08T02:00:00Z,21.1,-75.7,132,115,945,HU,4
AL092008,Ike,2008-09-08T06:00:00Z,21.1,-76.5,115,100,950,HU,3
AL092008,Ike,2008-09-08T12:00:00Z,21.1,-77.8,98,85,960,HU,2
AL092008,Ike,2008-09-08T18:00:00Z,21.2,-79.1,86,75,964,HU,1
AL092008,Ike,2008-09-09T00:00:00Z,21.5,-80.3,81,70,965,HU,1
AL092008,Ike,2008-09-09T06:00:00Z,22.0,-81.4,81,70,965,HU,1
AL092008,Ike,2008-09-09T12:00:00Z,22.4,-82.4,81,70,965,HU,1
AL092008,Ike,2008-09-09T14:00:00Z,22.6,-82.9,81,70,965,HU,1
AL092008,Ike,2008-09-09T18:00:00Z,22.7,-83.3,75,65,966,HU,1
AL092008,Ike,2008-09-10T00:00:00Z,23.1,-84.0,75,65,968,HU,1
AL092008,Ike,2008-09-10T06:00:00Z,23.4,-84.6,81,70,964,HU,1
AL092008,Ike,2008-09-10T12:00:00Z,23.8,-85.2,92,80,959,HU,1
AL092008,Ike,2008-09-10T18:00:00Z,24.2,-85.8,98,85,958,HU,2
AL092008,Ike,2008-09-11T00:00:00Z,24.7,-86.4,98,85,944,HU,2
AL092008,Ike,2008-09-11T06:00:00Z,25.1,-87.1,98,85,945,HU,2
AL092008,Ike,2008-09-11T12:00:00Z,25.5,-88.0,98,85,946,HU,2
AL092008,Ike,2008-09-11T18:00:00Z,25.8,-88.9,98,85,952,HU,2
AL092008,Ike,2008-09-12T00:00:00Z,26.1,-90.0,98,85,954,HU,2
AL092008,Ike,2008-09-12T06:00:00Z,26.4,-91.1,104,90,954,HU,2
AL092008,Ike,2008-09-12T12:00:00Z,26.9,-92.2,109,95,954,HU,2
AL092008,Ike,2008-09-12T18:00:00Z,27.5,-93.2,109,95,954,HU,2
AL092008,Ike,2008-09-13T00:00:00Z,28.3,-94.0,109,95,952,HU,2
AL092008,Ike,2008-09-13T06:00:00Z,29.1,-94.6,109,95,951,HU,2
AL092008,Ike,2008-09-13T07:00:00Z,29.3,-94.7,109,95,950,HU,2
AL092008,Ike,2008-09-13T12:00:00Z,30.3,-95.2,98,85,959,HU,2
AL092008,Ike,2008-09-13T18:00:00Z,31.7,-95.3,58,50,974,TS,0
AL092008,Ike,2008-09-14T00:00:00Z,33.5,-94.9,40,35,980,TS,0
AL092008,Ike,2008-09-14T06:00:00Z,35.5,-93.7,40,35,985,TS,0
AL092008,Ike,2008-09-14T12:00:00Z,37.6,-91.0,46,40,987,EX,0
AL092008,Ike,2008-09-14T18:00:00Z,40.3,-87.2,58,50,988,EX,0
AL092008,Ike,2008-09-15T00:00:00Z,43.3,-81.5,58,50,988,EX,0
AL092008,Ike,2008-09-15T06:00:00Z,45.8,-75.3,46,40,986,EX,0
AL092008,Ike,2008-09-15T12:00:00Z,47.2,-71.1,40,35,986,EX,0
AL092017,Harvey,2017-08-16T06:00:00Z,13.7,-45.8,29,25,1013,LO,0
AL092017,Harvey,2017-08-16T12:00:00Z,13.7,-47.4,29,25,1010,LO,0
AL092017,Harvey,2017-08-16T18:00:00Z,13.6,-49.0,29,25,1009,LO,0
AL092017,Harvey,2017-08-17T00:00:00Z,13.6,-50.6,29,25,1010,LO,0
AL092017,Harvey,2017-08-17T06:00:00Z,13.4,-52.0,29,25,1008,TD,0
AL092017,Harvey,2017-08-17T12:00:00Z,13.1,-53.4,35,30,1008,TD,0
AL092017,Harvey,2017-08-17T18:00:00Z,13.0,-55.0,40,35,1004,TS,0
AL092017,Harvey,2017-08-18T00:00:00Z,13.0,-56.6,46,40,1003,TS,0
AL092017,Harvey,2017-08-18T06:00:00Z,13.0,-58.4,46,40,1004,TS,0
AL092017,Harvey,2017-08-18T10:00:00Z,13.1,-59.6,46,40,1004,TS,0
AL092017,Harvey,2017-08-18T12:00:00Z,13.1,-60.3,46,40,1004,TS,0
AL092017,Harvey,2017-08-18T15:00:00Z,13.2,-61.2,46,40,1004,TS,0
AL092017,Harvey,2017-08-18T18:00:00Z,13.2,-62.2,40,35,1005,TS,0
AL092017,Harvey,2017-08-19T00:00:00Z,13.4,-64.0,40,35,1005,TS,0
AL092017,Harvey,2017-08-19T06:00:00Z,13.5,-65.7,40,35,1005,TS,0
AL092017,Harvey,2017-08-19T12:00:00Z,13.7,-67.5,35,30,1006,TD,0
AL092017,Harvey,2017-08-19T18:00:00Z,13.8,-69.2,35,30,1007,WV,0
AL092017,Harvey,2017-08-20T00:00:00Z,14.0,-71.0,35,30,1007,WV,0
AL092017,Harvey,2017-08-20T06:00:00Z,14.2,-72.9,35,30,1007,WV,0
AL092017,Harvey,2017-08-20T12:00:00Z,14.4,-75.0,35,30,1006,WV,0
AL092017,Harvey,2017-08-20T18:00:00Z,14.7,-76.8,35,30,1007,WV,0
AL092017,Harvey,2017-08-21T00:00:00Z,15.1,-78.6,29,25,1007,WV,0
AL092017,Harvey,2017-08-21T06:00:00Z,15.7,-80.5,29,25,1008,WV,0
AL092017,Harvey,2017-08-21T12:00:00Z,16.4,-82.5,29,25,1008,WV,0
AL092017,Harvey,2017-08-21T18:00:00Z,17.3,-84.6,29,25,1008,WV,0
AL092017,Harvey,2017-08-22T00:00:00Z,18.0,-86.4,29,25,1008,WV,0
AL092017,Harvey,2017-08-22T06:00:00Z,18.6,-87.8,29,25,1009,WV,0
AL092017,Harvey,2017-08-22T12:00:00Z,19.4,-88.8,29,25,1010,WV,0
AL092017,Harvey,2017-08-22T18:00:00Z,20.0,-89.7,29,25,1010,LO,0
AL092017,Harvey,2017-08-23T00:00:00Z,20.5,-90.7,29,25,1009,LO,0
AL092017,Harvey,2017-08-23T06:00:00Z,20.9,-91.6,29,25,1008,LO,0
AL092017,Harvey,2017-08-23T12:00:00Z,21.4,-92.3,35,30,1006,TD,0
AL092017,Harvey,2017-08-23T18:00:00Z,21.6,-92.4,40,35,1005,TS,0
AL092017,Harvey,2017-08-24T00:00:00Z,22.0,-92.5,46,40,1003,TS,0
AL092017,Harvey,2017-08-24T06:00:00Z,22.8,-92.6,58,50,997,TS,0
AL092017,Harvey,2017-08-24T12:00:00Z,23.7,-93.1,69,60,986,TS,0
AL092017,Harvey,2017-08-24T18:00:00Z,24.4,-93.6,81,70,978,HU,1
AL092017,Harvey,2017-08-25T00:00:00Z,25.0,-94.4,92,80,973,HU,1
AL092017,Harvey,2017-08-25T06:00:00Z,25.6,-95.1,104,90,966,HU,2
AL092017,Harvey,2017-08-25T12:00:00Z,26.3,-95.8,109,95,949,HU,2
AL092017,Harvey,2017-08-25T18:00:00Z,27.1,-96.3,121,105,943,HU,3
AL092017,Harvey,2017-08-26T00:00:00Z,27.8,-96.8,132,115,941,HU,4
AL092017,Harvey,2017-08-26T03:00:00Z,28.0,-96.9,132,115,937,HU,4
AL092017,Harvey,2017-08-26T06:00:00Z,28.2,-97.1,121,105,948,HU,3
AL092017,Harvey,2017-08-26T12:00:00Z,28.7,-97.3,75,65,978,HU,1
AL092017,Harvey,2017-08-26T18:00:00Z,29.0,-97.5,58,50,991,TS,0
AL092017,Harvey,2017-08-27T00:00:00Z,29.2,-97.4,52,45,995,TS,0
AL092017,Harvey,2017-08-27T06:00:00Z,29.3,-97.6,46,40,998,TS,0
AL092017,Harvey,2017-08-27T12:00:00Z,29.1,-97.5,40,35,998,TS,0
AL092017,Harvey,2017-08-27T18:00:00Z,29.0,-97.2,40,35,998,TS,0
AL092017,Harvey,2017-08-28T00:00:00Z,28.8,-96.8,40,35,997,TS,0
AL092017,Harvey,2017-08-28T06:00:00Z,28.6,-96.5,46,40,997,TS,0
AL092017,Harvey,2017-08-28T12:00:00Z,28.5,-96.2,46,40,997,TS,0
AL092017,Harvey,2017-08-28T18:00:00Z,28.4,-95.9,46,40,997,TS,0
AL092017,Harvey,2017-08-29T00:00:00Z,28.2,-95.4,46,40,996,TS,0
AL092017,Harvey,2017-08-29T06:00:00Z,28.1,-95.0,46,40,996,TS,0
AL092017,Harvey,2017-08-29T12:00:00Z,28.2,-94.6,46,40,995,TS,0
AL092017,Harvey,2017-08-29T18:00:00Z,28.5,-94.2,52,45,993,TS,0
AL092017,Harvey,2017-08-30T00:00:00Z,28.9,-93.8,52,45,994,TS,0
AL092017,Harvey,2017-08-30T06:00:00Z,29.4,-93.6,46,40,990,TS,0
AL092017,Harvey,2017-08-30T08:00:00Z,29.8,-93.5,46,40,991,TS,0
AL092017,Harvey,2017-08-30T12:00:00Z,30.1,-93.4,46,40,992,TS,0
AL092017,Harvey,2017-08-30T18:00:00Z,30.6,-93.1,40,35,996,TS,0
AL092017,Harvey,2017-08-31T00:00:00Z,31.3,-92.6,35,30,998,TD,0
AL092017,Harvey,2017-08-31T06:00:00Z,31.9,-92.2,29,25,999,TD,0
AL092017,Harvey,2017-08-31T12:00:00Z,32.5,-91.7,23,20,1001,TD,0
AL092017,Harvey,2017-08-31T18:00:00Z,33.4,-90.9,29,25,1001,TD,0
AL092017,Harvey,2017-09-01T00:00:00Z,34.1,-89.6,35,30,1000,TD,0
AL092017,Harvey,2017-09-01T06:00:00Z,34.9,-88.2,35,30,1002,EX,0
AL092017,Harvey,2017-09-01T12:00:00Z,36.0,-87.1,29,25,1002,EX,0
AL092017,Harvey,2017-09-01T18:00:00Z,36.5,-86.4,23,20,1004,EX,0
AL092017,Harvey,2017-09-02T00:00:00Z,37.2,-85.6,23,20,1007,EX,0
AL092017,Harvey,2017-09-02T06:00:00Z,37.9,-84.9,23,20,1009,EX,0
AL092017,Harvey,2017-09-02T12:00:00Z,38.2,-84.7,17,15,1013,EX,0
AL132020,Laura,2020-08-20T00:00:00Z,14.4,-47.3,35,30,1008,TD,0
AL132020,Laura,2020-08-20T06:00:00Z,15.4,-49.6,35,30,1008,TD,0
AL132020,Laura,2020-08-20T12:00:00Z,16.1,-51.6,35,30,1008,TD,0
AL132020,Laura,2020-08-20T18:00:00Z,16.6,-53.4,35,30,1008,TD,0
AL132020,Laura,2020-08-21T00:00:00Z,16.8,-55.5,35,30,1008,TD,0
AL132020,Laura,2020-08-21T06:00:00Z,16.9,-57.5,35,30,1008,TD,0
AL132020,Laura,2020-08-21T12:00:00Z,17.0,-59.4,46,40,1008,TS,0
AL132020,Laura,2020-08-21T18:00:00Z,17.1,-61.1,46,40,1007,TS,0
AL132020,Laura,2020-08-21T20:30:00Z,17.1,-61.8,46,40,1007,TS,0
AL132020,Laura,2020-08-21T23:30:00Z,17.1,-62.6,46,40,1007,TS,0
AL132020,Laura,2020-08-22T00:00:00Z,17.1,-62.8,46,40,1007,TS,0
AL132020,Laura,2020-08-22T06:00:00Z,17.4,-64.4,46,40,1007,TS,0
AL132020,Laura,2020-08-22T12:00:00Z,17.7,-65.9,52,45,1006,TS,0
AL132020,Laura,2020-08-22T18:00:00Z,17.9,-67.4,52,45,1004,TS,0
AL132020,Laura,2020-08-23T00:00:00Z,18.2,-68.8,52,45,1004,TS,0
AL132020,Laura,2020-08-23T04:30:00Z,18.4,-70.0,52,45,1004,TS,0
AL132020,Laura,2020-08-23T06:00:00Z,18.5,-70.3,52,45,1004,TS,0
AL132020,Laura,2020-08-23T12:00:00Z,18.8,-72.3,52,45,1004,TS,0
AL132020,Laura,2020-08-23T18:00:00Z,19.4,-74.3,63,55,1002,TS,0
AL132020,Laura,2020-08-24T00:00:00Z,19.8,-76.0,63,55,1000,TS,0
AL132020,Laura,2020-08-24T02:00:00Z,20.0,-76.6,63,55,1000,TS,0
AL132020,Laura,2020-08-24T06:00:00Z,20.2,-77.8,58,50,1000,TS,0
AL132020,Laura,2020-08-24T12:00:00Z,20.8,-79.7,58,50,1002,TS,0
AL132020,Laura,2020-08-24T18:00:00Z,21.5,-81.5,58,50,1001,TS,0
AL132020,Laura,2020-08-25T00:00:00Z,22.3,-83.3,63,55,998,TS,0
AL132020,Laura,2020-08-25T06:00:00Z,22.8,-84.8,69,60,995,TS,0
AL132020,Laura,2020-08-25T12:00:00Z,23.4,-86.2,75,65,990,HU,1
AL132020,Laura,2020-08-25T18:00:00Z,24.1,-87.5,81,70,990,HU,1
AL132020,Laura,2020-08-26T00:00:00Z,24.9,-88.9,86,75,983,HU,1
AL132020,Laura,2020-08-26T06:00:00Z,25.6,-90.2,104,90,978,HU,2
AL132020,Laura,2020-08-26T12:00:00Z,26.4,-91.4,115,100,963,HU,3
AL132020,Laura,2020-08-26T18:00:00Z,27.3,-92.5,138,120,952,HU,4
AL132020,Laura,2020-08-27T00:00:00Z,28.5,-93.0,150,130,937,HU,4
AL132020,Laura,2020-08-27T06:00:00Z,29.8,-93.3,150,130,939,HU,4
AL132020,Laura,2020-08-27T12:00:00Z,31.2,-93.3,98,85,970,HU,2
AL132020,Laura,2020-08-27T18:00:00Z,32.8,-92.9,63,55,988,TS,0
AL132020,Laura,2020-08-28T00:00:00Z,34.4,-92.5,40,35,993,TS,0
AL132020,Laura,2020-08-28T06:00:00Z,35.4,-92.0,29,25,998,TD,0
AL132020,Laura,2020-08-28T12:00:00Z,36.1,-91.2,29,25,1000,TD,0
AL132020,Laura,2020-08-28T18:00:00Z,37.0,-90.0,29,25,1003,TD,0
AL132020,Laura,2020-08-29T00:00:00Z,37.5,-88.0,29,25,1004,TD,0
AL132020,Laura,2020-08-29T06:00:00Z,38.3,-84.8,23,20,1004,LO,0
AL092021,Ida,2021-08-26T12:00:00Z,16.5,-78.9,35,30,1006,TD,0
AL092021,Ida,2021-08-26T18:00:00Z,17.4,-79.5,40,35,1006,TS,0
AL092021,Ida,2021-08-27T00:00:00Z,18.3,-80.2,46,40,1004,TS,0
AL092021,Ida,2021-08-27T06:00:00Z,19.4,-80.9,52,45,1002,TS,0
AL092021,Ida,2021-08-27T12:00:00Z,20.4,-81.7,63,55,996,TS,0
AL092021,Ida,2021-08-27T18:00:00Z,21.5,-82.6,81,70,987,HU,1
AL092021,Ida,2021-08-27T23:25:00Z,22.4,-83.2,81,70,988,HU,1
AL092021,Ida,2021-08-28T00:00:00Z,22.6,-83.5,81,70,989,HU,1
AL092021,Ida,2021-08-28T06:00:00Z,23.5,-84.7,81,70,987,HU,1
AL092021,Ida,2021-08-28T12:00:00Z,24.4,-85.7,81,70,986,HU,1
AL092021,Ida,2021-08-28T18:00:00Z,25.6,-86.6,92,80,976,HU,1
AL092021,Ida,2021-08-29T00:00:00Z,26.7,-87.6,104,90,967,HU,2
AL092021,Ida,2021-08-29T06:00:00Z,27.6,-88.7,132,115,950,HU,4
AL092021,Ida,2021-08-29T12:00:00Z,28.5,-89.6,150,130,929,HU,4
AL092021,Ida,2021-08-29T16:55:00Z,29.1,-90.2,150,130,931,HU,4
AL092021,Ida,2021-08-29T18:00:00Z,29.2,-90.4,144,125,932,HU,4
AL092021,Ida,2021-08-30T00:00:00Z,29.9,-90.6,121,105,944,HU,3
AL092021,Ida,2021-08-30T06:00:00Z,30.6,-90.8,75,65,978,HU,1
AL092021,Ida,2021-08-30T12:00:00Z,31.5,-90.9,46,40,992,TS,0
AL092021,Ida,2021-08-30T18:00:00Z,32.2,-90.5,40,35,996,TS,0
AL092021,Ida,2021-08-31T00:00:00Z,33.0,-90.0,35,30,996,TD,0
AL092021,Ida,2021-08-31T06:00:00Z,33.8,-89.4,29,25,996,TD,0
AL092021,Ida,2021-08-31T12:00:00Z,34.4,-88.4,29,25,996,TD,0
AL092021,Ida,2021-08-31T18:00:00Z,35.1,-87.1,23,20,999,TD,0
AL092021,Ida,2021-09-01T00:00:00Z,35.8,-85.5,23,20,1000,TD,0
AL092021,Ida,2021-09-01T06:00:00Z,36.7,-83.6,23,20,1000,TD,0
AL092021,Ida,2021-09-01T12:00:00Z,37.7,-81.5,29,25,1000,EX,0
AL092021,Ida,2021-09-01T18:00:00Z,39.0,-78.5,35,30,999,EX,0
AL092021,Ida,2021-09-02T00:00:00Z,39.8,-75.6,40,35,997,EX,0
AL092021,Ida,2021-09-02T06:00:00Z,40.6,-72.8,46,40,997,EX,0
AL092021,Ida,2021-09-02T12:00:00Z,41.4,-69.7,46,40,997,EX,0
AL092021,Ida,2021-09-02T18:00:00Z,43.3,-67.2,46,40,996,EX,0
AL092021,Ida,2021-09-03T00:00:00Z,45.4,-64.7,46,40,995,EX,0
AL092021,Ida,2021-09-03T06:00:00Z,46.6,-63.6,52,45,992,EX,0
AL092021,Ida,2021-09-03T12:00:00Z,47.5,-62.7,52,45,991,EX,0
AL092021,Ida,2021-09-03T18:00:00Z,48.6,-62.4,52,45,992,EX,0
AL092021,Ida,2021-09-04T00:00:00Z,48.8,-63.1,52,45,992,EX,0
AL092021,Ida,2021-09-04T06:00:00Z,48.7,-63.9,46,40,992,EX,0
AL092021,Ida,2021-09-04T12:00:00Z,47.6,-63.9,40,35,996,EX,0
AL092021,Ida,2021-09-04T18:00:00Z,46.6,-63.5,35,30,999,EX,0
